<?xml version="1.0" encoding="utf-8" ?>
<openerp>
    <data noupdate="1">
        <record id="email_template_account_payment_change" model="mail.template">
            <field name="name">Email Payment Change</field>
            <field name="email_from">${(object.company_id.email or '')|safe}</field>
            <field name="subject">[Account-Notification] Tài khoản phát sinh giao dịch</field>
            <field name="email_to">${object.email_to}</field>
            <field name="model_id" ref="account.model_account_move"/>
            <field name="body_html"><![CDATA[
                <div style="font-family: 'Times New Roman', Ubuntu, Arial, Verdana, sans-serif; font-size: 14px; color: rgb(34, 34, 34); ">
                    <p>Dear,</p>
                    <p>Notification money in account change</p>
                    <p>Thông báo số tiền trong tài khoản thay đổi</p>
                    <div>
                        % if object.line_ids:
                            <table style="width:60%" border="1" class="table table-bordered">
                                <tr style="text-align:center">
                                    <td rowspan="2" width="15%">Loại tài khoản</td>
                                    <td colspan="2" width="30%">Phát sinh</td>
                                    <td rowspan="2" width="15%">Số dư còn lại</td>
                                </tr>
                                <tr style="text-align:center">
                                    <td width="15%">Nợ</td>
                                    <td width="15%">Có</td>
                                </tr>
                                % for line in object.line_ids:
                                    % if line.account_id.send_email:
                                        <tr>
                                            <td>${line.account_id.name} - ${line.account_id.code}</td>
                                            <td style="text-align:right">${'{0:,.0f}'.format(line.debit)}</td>
                                            <td style="text-align:right">${'{0:,.0f}'.format(line.credit)}</td>
                                            <td style="text-align:right">${'{0:,.0f}'.format(line.account_id.total_amount)}</td>
                                        </tr>
                                    % endif
                                % endfor
                            </table>
                        % endif
                    </div>

                    <p>Regards, ERP System</p>
                    <p>This is an automatically generated email, please do not reply.</p>
                    <p>Đây là email từ hệ thống ERP, vui lòng không reply email này</p
                </div>
            ]]></field>
        </record>
    </data>
</openerp>